14,"2TH",1,1,"GA P30","200-249","παυλοσ","και","σιλουανοσ","και","τιμοθεοσ","τη","εκκλησια","θεσσαλονεικεων","εν","θω",,"πρι","ημων","και","κω","ιηυ","χω","|",,,,,,,,,,,,,
14,"2TH",1,1,"GA 01","325-360","παυλοσ","και","σιλουανοσ","και","τιμοθεοσ","τη","εκκλησια","θεσσαλονικεων","εν","θω","και","πατρι","ημων","και","κω","ιυ","χω","|",,,,,,,,,,,,,
14,"2TH",1,1,"GA 01^","325-360","παυλοσ","και","σιλουανοσ","και","τιμοθεοσ","τη","εκκλησια","θεσσαλονικεων","εν","θω",,"πατρι","ημων","και","κω","ιυ","χω","|",,,,,,,,,,,,,
14,"2TH",1,1,"GA 03","325-349","παυλοσ","και","σειλουανοσ","και","τειμοθεοσ","τη","εκκλησια","θεσσαλονεικεων","εν","θω",,"πατρι","ημω","και","κω","ιυ","χω","|",,,,,,,,,,,,,
14,"2TH",1,1,"GA 02","375-499","παυλοσ","και","σιλουανοσ","και","τιμοθεοσ","τη","εκκλησια","θεσσαλονικεω","εν","θω",,"πρι","ημων","και","κω","ιυ","χω","|",,,,,,,,,,,,,
14,"2TH",1,1,"WH",1885,"παυλοσ","και","σιλουανοσ","και","τιμοθεοσ","τη","εκκλησια","θεσσαλονικεων","εν","θεω",,"πατρι","ημων","και","κυριω","ιησου","χριστω","|",,,,,,,,,,,,,
14,"2TH",1,1,"ST",1550,"παυλοσ","και","σιλουανοσ","και","τιμοθεοσ","τη","εκκλησια","θεσσαλονικεων","εν","θεω",,"πατρι","ημων","και","κυριω","ιησου","χριστω","|",,,,,,,,,,,,,
14,"2TH",1,1,"Nestle",1904,"Παῦλος","καὶ","Σιλουανὸς","καὶ","Τιμόθεος","τῇ","ἐκκλησίᾳ","Θεσσαλονικέων","ἐν","Θεῷ",,"Πατρὶ","ἡμῶν","καὶ","Κυρίῳ","Ἰησοῦ","Χριστῷ·","|",,,,,,,,,,,,,
14,"2TH",1,2,"GA P30","200-249","χαρισ","υμιν","και","ειρηνη","απο","*",,,,,,,"|",,,,,,,,,,,,,,,,,,
14,"2TH",1,2,"GA 01","325-360","χαρισ","υμιν","και","ειρηνη","απο","θυ","πατροσ","ημων","και","κυ","ιυ","χυ","|",,,,,,,,,,,,,,,,,,
14,"2TH",1,2,"GA 03","325-349","χαρισ","υμιν","και","ειρηνη","απο","θυ","πατροσ",,"και","κυ","ιυ","χυ","|",,,,,,,,,,,,,,,,,,
14,"2TH",1,2,"GA 02","375-499","χαρισ","υμιν","και","ειρηνη","απο","θυ","πρσ","ημων","και","κυ","ιυ","χυ","|",,,,,,,,,,,,,,,,,,
14,"2TH",1,2,"WH",1885,"χαρισ","υμιν","και","ειρηνη","απο","θεου","πατροσ",,"και","κυριου","ιησου","χριστου","|",,,,,,,,,,,,,,,,,,
14,"2TH",1,2,"ST",1550,"χαρισ","υμιν","και","ειρηνη","απο","θεου","πατροσ","ημων","και","κυριου","ιησου","χριστου","|",,,,,,,,,,,,,,,,,,
14,"2TH",1,2,"Nestle",1904,"χάρις","ὑμῖν","καὶ","εἰρήνη","ἀπὸ","Θεοῦ","Πατρὸς",,"καὶ","Κυρίου","Ἰησοῦ","Χριστοῦ","|",,,,,,,,,,,,,,,,,,
14,"2TH",1,3,"GA 01","325-360","ευχαριστειν","οφιλομεν","τω","θω","παντοτε","περι","υμων","αδελφοι","καθωσ","αξιον","εστιν","οτι","υπεραυξανει","η","πιστισ","υμω","και","πλεοναζει","η","αγαπη","ενοσ","εκαστου","παντων",,"εισ","αλληλουσ","|",,,,
14,"2TH",1,3,"GA 03","325-349","ευχαριστειν","οφειλομεν","τω","θω","παντοτε","περι","υμων","αδελφοι","καθωσ","αξιον","εστιν","οτι","υπεραυξανει","η","πιστισ","υμων","και","πλεοναζει","η","αγαπη","ενοσ","εκαστου","παντων","υμω","εισ","αλληλουσ","|",,,,
14,"2TH",1,3,"GA 02","375-499","ευχαριστειν","οφειλομεν","τω","θω","παντοτε","περι","υμων","αδελφοι","καθωσ","αξιον","εστιν","οτι","υπεραυξανει","η","πιστισ","υμων","και","πλεοναζει","η","αγαπη","ενοσ","εκαστου","παντων","υμων","εισ","αλληλουσ","|",,,,
14,"2TH",1,3,"WH",1885,"ευχαριστειν","οφειλομεν","τω","θεω","παντοτε","περι","υμων","αδελφοι","καθωσ","αξιον","εστιν","οτι","υπεραυξανει","η","πιστισ","υμων","και","πλεοναζει","η","αγαπη","ενοσ","εκαστου","παντων","υμων","εισ","αλληλουσ","|",,,,
14,"2TH",1,3,"ST",1550,"ευχαριστειν","οφειλομεν","τω","θεω","παντοτε","περι","υμων","αδελφοι","καθωσ","αξιον","εστιν","οτι","υπεραυξανει","η","πιστισ","υμων","και","πλεοναζει","η","αγαπη","ενοσ","εκαστου","παντων","υμων","εισ","αλληλουσ","|",,,,
14,"2TH",1,3,"Nestle",1904,"Εὐχαριστεῖν","ὀφείλομεν","τῷ","Θεῷ","πάντοτε","περὶ","ὑμῶν","ἀδελφοί","καθὼς","ἄξιόν","ἐστιν","ὅτι","ὑπεραυξάνει","ἡ","πίστις","ὑμῶν","καὶ","πλεονάζει","ἡ","ἀγάπη","ἑνὸς","ἑκάστου","πάντων","ὑμῶν","εἰς","ἀλλήλους","|",,,,
14,"2TH",1,4,"GA P92","275-324",,,,,,,,"*","ταισ","εκκλησιαισ","του","θυ","υπερ","τησ","υπομονησ","υμων","και","πιστεωσ","εν","πασιν","τοισ","διωγμοισ","υμων","και","ταισ","θλιψεσιν","αισ","ανεχεσθε","|",,
14,"2TH",1,4,"GA 01","325-360","ωστε",,"αυτουσ","ημασ","εν","υμιν","εγκαυχασθαι","εν","ταισ","εκκλησιαισ","του","θυ","υπερ","τησ","υπομονησ","υμων","και","πιστεωσ","εν","πασι","τοισ","διωγμοισ","υμων","και","ταισ","θλιψεσιν","αισ","ανεχεσθε","|",,
14,"2TH",1,4,"GA 03","325-349","ωστε",,"αυτουσ","ημασ","εν","υμι","ενκαυχασθαι","εν","ταισ","εκκλησιαισ","του","θυ","υπερ","τησ","υπομονησ","υμων","και","πιστεωσ","εν","πασιν","τοισ","διωγμοισ","υμων","και","ταισ","θλιψεσιν","αισ","ενεχεσθε","|",,
14,"2TH",1,4,"GA 02","375-499","ωστε","ημασ","αυτουσ",,"εν","υμιν","ενκαυχασθαι","εν","ταισ","εκκλησιαισ","του","θυ","υπερ","τησ","υπομονησ","υμων","και","πιστεωσ","εν","πασιν","τοισ","διωγμοισ","υμων","και","ταισ","θλιψεσιν","αισ","ανεχεσθαι","|",,
14,"2TH",1,4,"WH",1885,"ωστε",,"αυτουσ","ημασ","εν","υμιν","ενκαυχασθαι","εν","ταισ","εκκλησιαισ","του","θεου","υπερ","τησ","υπομονησ","υμων","και","πιστεωσ","εν","πασιν","τοισ","διωγμοισ","υμων","και","ταισ","θλιψεσιν","αισ","ανεχεσθε","|",,
14,"2TH",1,4,"ST",1550,"ωστε","ημασ","αυτουσ",,"εν","υμιν","καυχασθαι","εν","ταισ","εκκλησιαισ","του","θεου","υπερ","τησ","υπομονησ","υμων","και","πιστεωσ","εν","πασι","τοισ","διωγμοισ","υμων","και","ταισ","θλιψεσιν","αισ","ανεχεσθε","|",,
14,"2TH",1,4,"Nestle",1904,"ὥστε",,"αὐτοὺς","ἡμᾶς","ἐν","ὑμῖν","ἐνκαυχᾶσθαι","ἐν","ταῖς","ἐκκλησίαις","τοῦ","Θεοῦ","ὑπὲρ","τῆς","ὑπομονῆς","ὑμῶν","καὶ","πίστεως","ἐν","πᾶσιν","τοῖς","διωγμοῖς","ὑμῶν","καὶ","ταῖς","θλίψεσιν","αἷς","ἀνέχεσθε","|",,
14,"2TH",1,5,"GA P92","275-324","ενδειγμα","τησ","δικαιασ","κρισεωσ","του","θυ","εισ","το","καταξιωθηναι","*",,,,,,,,,"|",,,,,,,,,,,,
14,"2TH",1,5,"GA 01","325-360","ενδιγμα","τησ","δικαιασ","κρισεωσ","του","θυ","εισ","το","καταξιωθηναι","υμασ","τησ","βασιλειασ","του","θυ","υπερ","ησ","και","πασχετε","|",,,,,,,,,,,,
14,"2TH",1,5,"GA 03","325-349","ενδειγμα","τησ","δικαιασ","κρισεωσ","του","θυ","εισ","το","καταξιωθηναι","υμασ","τησ","βασιλειασ","του","θυ","υπερ","ησ","και","πασχετε","|",,,,,,,,,,,,
14,"2TH",1,5,"GA 02","375-499","ενδειγμα","τησ","δικαιασ","κρισεωσ","του","θυ","εισ","το","καταξιωθηναι","υμασ","τησ","βασιλειασ","του","θυ","υπερ","ησ","και","πασχετε","|",,,,,,,,,,,,
14,"2TH",1,5,"WH",1885,"ενδειγμα","τησ","δικαιασ","κρισεωσ","του","θεου","εισ","το","καταξιωθηναι","υμασ","τησ","βασιλειασ","του","θεου","υπερ","ησ","και","πασχετε","|",,,,,,,,,,,,
14,"2TH",1,5,"ST",1550,"ενδειγμα","τησ","δικαιασ","κρισεωσ","του","θεου","εισ","το","καταξιωθηναι","υμασ","τησ","βασιλειασ","του","θεου","υπερ","ησ","και","πασχετε","|",,,,,,,,,,,,
14,"2TH",1,5,"Nestle",1904,"ἔνδειγμα","τῆς","δικαίας","κρίσεως","τοῦ","Θεοῦ","εἰς","τὸ","καταξιωθῆναι","ὑμᾶς","τῆς","βασιλείας","τοῦ","Θεοῦ","ὑπὲρ","ἧς","καὶ","πάσχετε","|",,,,,,,,,,,,
14,"2TH",1,6,"GA 01","325-360","ειπερ","δικαιον","παρα",,"θω","ανταποδουναι","τοισ","θλιβουσι","υμασ","θλιψιν","|",,,,,,,,,,,,,,,,,,,,
14,"2TH",1,6,"GA 03","325-349","ειπερ","δικαιον","παρα",,"θω","ανταποδουναι","τοισ","θλειβουσιν","υμασ","θλιψιν","|",,,,,,,,,,,,,,,,,,,,
14,"2TH",1,6,"GA 02","375-499","ειπερ","δικαιον","παρα","τω","θω","ανταποδουναι","τοισ","θλιβουσιν","υμασ","θλιψιν","|",,,,,,,,,,,,,,,,,,,,
14,"2TH",1,6,"WH",1885,"ειπερ","δικαιον","παρα",,"θεω","ανταποδουναι","τοισ","θλιβουσιν","υμασ","θλιψιν","|",,,,,,,,,,,,,,,,,,,,
14,"2TH",1,6,"ST",1550,"ειπερ","δικαιον","παρα",,"θεω","ανταποδουναι","τοισ","θλιβουσιν","υμασ","θλιψιν","|",,,,,,,,,,,,,,,,,,,,
14,"2TH",1,6,"Nestle",1904,"εἴπερ","δίκαιον","παρὰ",,"Θεῷ","ἀνταποδοῦναι","τοῖς","θλίβουσιν","ὑμᾶς","θλῖψιν","|",,,,,,,,,,,,,,,,,,,,
14,"2TH",1,7,"GA 01","325-360","και","υμιν","τοισ","θλιβομενοισ","ανεσιν","μεθ","υμων","εν","τη","αποκαλυψει","του","κυ","ιυ","απ","ουρανου","μετ","αγγελων","δυναμεωσ","αυτου","|",,,,,,,,,,,
14,"2TH",1,7,"GA 03","325-349","και","υμιν","τοισ","θλειβομενοισ","ανεσιν","μεθ","ημων","εν","τη","αποκαλυψει","του","κυ","ιυ","απ","ουρανου","μετ","αγγελων","δυναμεωσ","αυτου","|",,,,,,,,,,,
14,"2TH",1,7,"GA 02","375-499","και","υμιν","τοισ","θλιβομενοισ","ανεσιν","μεθ","ημων","εν","τη","αποκαλυψει","του","κυ","ιυ","απ","ουνου","μετ","αγγελων","δυναμεωσ","αυτου","|",,,,,,,,,,,
14,"2TH",1,7,"WH",1885,"και","υμιν","τοισ","θλιβομενοισ","ανεσιν","μεθ","ημων","εν","τη","αποκαλυψει","του","κυριου","ιησου","απ","ουρανου","μετ","αγγελων","δυναμεωσ","αυτου","|",,,,,,,,,,,
14,"2TH",1,7,"ST",1550,"και","υμιν","τοισ","θλιβομενοισ","ανεσιν","μεθ","ημων","εν","τη","αποκαλυψει","του","κυριου","ιησου","απ","ουρανου","μετ","αγγελων","δυναμεωσ","αυτου","|",,,,,,,,,,,
14,"2TH",1,7,"Nestle",1904,"καὶ","ὑμῖν","τοῖς","θλιβομένοις","ἄνεσιν","μεθ’","ἡμῶν","ἐν","τῇ","ἀποκαλύψει","τοῦ","Κυρίου","Ἰησοῦ","ἀπ’","οὐρανοῦ","μετ’","ἀγγέλων","δυνάμεως","αὐτοῦ","|",,,,,,,,,,,
14,"2TH",1,8,"GA 01","325-360","εν","πυρι","φλογοσ",,"διδοντοσ","εκδικησιν","τοισ","μη","ειδοσι","θν","και","τοισ","μη","υπακουουσιν","τω","ευαγγελιω","του","κυ","ημων","ιυ","χυ","|",,,,,,,,,
14,"2TH",1,8,"GA 03","325-349","εν",,"φλογι","πυροσ","διδοντοσ","εκδικησιν","τοισ","μη","ειδοσιν","θν","και","τοισ","μη","υπακουουσιν","τω","ευαγγελιω","του","κυ","ημω","ιυ",,"|",,,,,,,,,
14,"2TH",1,8,"GA 02","375-499","εν","πυρι","φλογοσ",,"διδοντοσ","εκδικησιν","τοισ","μη","ειδοσι","θν","και","τοισ","μη","υπακουουσιν","τω","ευαγγελιω","του","κυ","ημων","ιυ","χυ","|",,,,,,,,,
14,"2TH",1,8,"WH",1885,"εν","πυρι","φλογοσ",,"διδοντοσ","εκδικησιν","τοισ","μη","ειδοσι","θεον","και","τοισ","μη","υπακουουσιν","τω","ευαγγελιω","του","κυριου","ημων","ιησου",,"|",,,,,,,,,
14,"2TH",1,8,"ST",1550,"εν","πυρι","φλογοσ",,"διδοντοσ","εκδικησιν","τοισ","μη","ειδοσι","θεον","και","τοισ","μη","υπακουουσι","τω","ευαγγελιω","του","κυριου","ημων","ιησου","χριστου","|",,,,,,,,,
14,"2TH",1,8,"Nestle",1904,"ἐν","πυρὶ","φλογός",,"διδόντος","ἐκδίκησιν","τοῖς","μὴ","εἰδόσιν","Θεὸν","καὶ","τοῖς","μὴ","ὑπακούουσιν","τῷ","εὐαγγελίῳ","τοῦ","Κυρίου","ἡμῶν","Ἰησοῦ","|",,,,,,,,,,
14,"2TH",1,9,"GA 01","325-360","οιτινεσ","δικην","τισουσιν","ολεθρον","αιωνιον","απο","προσωπου","του","κυ","και","απο","τησ","δοξησ","τησ","ισχυοσ","αυτου","|",,,,,,,,,,,,,,
14,"2TH",1,9,"GA 03","325-349","οιτινεσ","δικην","τεισουσιν","ολεθρον","αιωνιον","απο","προσωπου","του","κυ","και","απο","τησ","δοξησ","τησ","ισχυοσ","αυτου","|",,,,,,,,,,,,,,
14,"2TH",1,9,"GA 02","375-499","οιτινεσ","δικην","τισουσιν","ολεθριον","αιωνιον","απο","προσωπου","του","κυ","και","απο","τησ","δοξησ","τησ","ισχυοσ","αυτου","|",,,,,,,,,,,,,,
14,"2TH",1,9,"WH",1885,"οιτινεσ","δικην","τισουσιν","ολεθρον","αιωνιον","απο","προσωπου","του","κυριου","και","απο","τησ","δοξησ","τησ","ισχυοσ","αυτου","|",,,,,,,,,,,,,,
14,"2TH",1,9,"ST",1550,"οιτινεσ","δικην","τισουσιν","ολεθρον","αιωνιον","απο","προσωπου","του","κυριου","και","απο","τησ","δοξησ","τησ","ισχυοσ","αυτου","|",,,,,,,,,,,,,,
14,"2TH",1,9,"Nestle",1904,"οἵτινες","δίκην","τίσουσιν","ὄλεθρον","αἰώνιον","ἀπὸ","προσώπου","τοῦ","Κυρίου","καὶ","ἀπὸ","τῆς","δόξης","τῆς","ἰσχύος","αὐτοῦ","|",,,,,,,,,,,,,,
14,"2TH",1,10,"GA 01","325-360","οταν","ελθη","ενδοξασθηναι","εν","τοισ","αγιοισ","αυτου","και","θαυμασθηναι","εν","πασι","τοισ","πιστευσασι","οτι","επιστευθη","το","μαρτυριον","ημω","εφ","υμασ","εν","τη","ημερα","εκεινη","|",,,,,,
14,"2TH",1,10,"GA 03","325-349","οταν","ελθη","ενδοξασθηναι","εν","τοισ","αγιοισ","αυτου","και","θαυμασθηναι","εν","πασιν","τοισ","πιστευσασιν","οτι","επιστευθη","το","μαρτυριον","ημω","εφ","υμασ","εν","τη","ημερα","εκεινη","|",,,,,,
14,"2TH",1,10,"GA 02","375-499","οταν","ελθη","ενδοξασθηναι","εν","τοισ","αγιοισ","αυτου","και","θαυμασθηναι","εν","πασιν","τοισ","πιστευσασιν","οτι","επιστευθη","το","μαρτυριον","ημων","εφ","υμασ","εν","τη","ημερα","εκεινη","|",,,,,,
14,"2TH",1,10,"WH",1885,"οταν","ελθη","ενδοξασθηναι","εν","τοισ","αγιοισ","αυτου","και","θαυμασθηναι","εν","πασιν","τοισ","πιστευσασιν","οτι","επιστευθη","το","μαρτυριον","ημων","εφ","υμασ","εν","τη","ημερα","εκεινη","|",,,,,,
14,"2TH",1,10,"ST",1550,"οταν","ελθη","ενδοξασθηναι","εν","τοισ","αγιοισ","αυτου","και","θαυμασθηναι","εν","πασι","τοισ","πιστευουσιν","οτι","επιστευθη","το","μαρτυριον","ημων","εφ","υμασ","εν","τη","ημερα","εκεινη","|",,,,,,
14,"2TH",1,10,"Nestle",1904,"ὅταν","ἔλθῃ","ἐνδοξασθῆναι","ἐν","τοῖς","ἁγίοις","αὐτοῦ","καὶ","θαυμασθῆναι","ἐν","πᾶσιν","τοῖς","πιστεύσασιν","ὅτι","ἐπιστεύθη","τὸ","μαρτύριον","ἡμῶν","ἐφ’","ὑμᾶς","ἐν","τῇ","ἡμέρᾳ","ἐκείνῃ","|",,,,,,
14,"2TH",1,11,"GA P92","275-324",,,,,,,,,,,,,,,,"*","πληρωση","πασαν","ευδοκιαν","αγαθωσυνησ","και","εργον","πιστεωσ","εν","δυναμει","|",,,,,
14,"2TH",1,11,"GA 01","325-360","εισ","ο","και","προσευχομεθα","παντοτε","περι","υμων","ινα","υμασ","αξιωση","τησ","κλησεωσ","ο","θσ","ημων","και","πληρωση","πασαν","ευδοκιαν","αγαθωσυνησ","και","εργον","πιστεωσ","εν","δυναμει","|",,,,,
14,"2TH",1,11,"GA 03","325-349","εισ","ο","και","προσευχομεθα","παντοτε","περι","υμων","ινα","υμασ","αξιωση","τησ","κλησεωσ","ο","θσ","ημων","και","πληρωση","πασαν","ευδοκιαν","αγαθωσυνησ","και","εργον","πιστεωσ","εν","δυναμει","|",,,,,
14,"2TH",1,11,"GA 02","375-499","εισ","ο","και","προσευχομεθα","παντοτε","περι","υμων","ινα","υμασ","αξιωση","τησ","κλησεωσ","ο","θσ","ημων","και","πληρωσει","πασαν","ευδοκιαν","αγαθωσυνησ","και","εργον","πιστεωσ","εν","δυναμει","|",,,,,
14,"2TH",1,11,"WH",1885,"εισ","ο","και","προσευχομεθα","παντοτε","περι","υμων","ινα","υμασ","αξιωση","τησ","κλησεωσ","ο","θεοσ","ημων","και","πληρωση","πασαν","ευδοκιαν","αγαθωσυνησ","και","εργον","πιστεωσ","εν","δυναμει","|",,,,,
14,"2TH",1,11,"ST",1550,"εισ","ο","και","προσευχομεθα","παντοτε","περι","υμων","ινα","υμασ","αξιωση","τησ","κλησεωσ","ο","θεοσ","ημων","και","πληρωση","πασαν","ευδοκιαν","αγαθωσυνησ","και","εργον","πιστεωσ","εν","δυναμει","|",,,,,
14,"2TH",1,11,"Nestle",1904,"Εἰς","ὃ","καὶ","προσευχόμεθα","πάντοτε","περὶ","ὑμῶν","ἵνα","ὑμᾶς","ἀξιώσῃ","τῆς","κλήσεως","ὁ","Θεὸς","ἡμῶν","καὶ","πληρώσῃ","πᾶσαν","εὐδοκίαν","ἀγαθωσύνης","καὶ","ἔργον","πίστεως","ἐν","δυνάμει","|",,,,,
14,"2TH",1,12,"GA P92","275-324","οπωσ","ενδοξασθη","το","ονομα","του","κυ","ημων","ιηυ",,"εν","υμιν","και","υμεισ","εν","αυτω","κατα","την","χαριν","του","θυ","*",,,,,"|",,,,,
14,"2TH",1,12,"GA 01","325-360","οπωσ","ενδοξασθη","το","ονομα","του","κυ","ημων","ιυ",,"εν","υμιν","και","υμεισ","εν","αυτω","κατα","την","χαριν","του","θυ","ημων","και","κυ","ιυ","χυ","|",,,,,
14,"2TH",1,12,"GA 03","325-349","οπωσ","ενδοξασθη","το","ονομα","του","κυ","ημων","ιυ",,"εν","υμιν","και","υμεισ","εν","αυτω","κατα","την","χαριν","του","θυ","ημων","και","κυ","ιυ","χυ","|",,,,,
14,"2TH",1,12,"GA 02","375-499","οπωσ","ενδοξασθη","το","ονομα","του","κυ","ημων","ιυ","χυ","εν","υμιν","και","ημεισ","εν","αυτω","κατα","την","χαριν","του","θυ","ημων","και","κυ","ιυ","χυ","|",,,,,
14,"2TH",1,12,"WH",1885,"οπωσ","ενδοξασθη","το","ονομα","του","κυριου","ημων","ιησου",,"εν","υμιν","και","υμεισ","εν","αυτω","κατα","την","χαριν","του","θεου","ημων","και","κυριου","ιησου","χριστου","|",,,,,
14,"2TH",1,12,"ST",1550,"οπωσ","ενδοξασθη","το","ονομα","του","κυριου","ημων","ιησου","χριστου","εν","υμιν","και","υμεισ","εν","αυτω","κατα","την","χαριν","του","θεου","ημων","και","κυριου","ιησου","χριστου","|",,,,,
14,"2TH",1,12,"Nestle",1904,"ὅπως","ἐνδοξασθῇ","τὸ","ὄνομα","τοῦ","Κυρίου","ἡμῶν","Ἰησοῦ",,"ἐν","ὑμῖν","καὶ","ὑμεῖς","ἐν","αὐτῷ","κατὰ","τὴν","χάριν","τοῦ","Θεοῦ","ἡμῶν","καὶ","Κυρίου","Ἰησοῦ","Χριστοῦ","|",,,,,
14,"2TH",2,1,"GA P30","200-249",,,,,,,,,,"*","ιηυ","*",,,,,,"|",,,,,,,,,,,,,
14,"2TH",2,1,"GA 01","325-360","�������ν","δε","υμασ","αδελφοι","υπερ","τησ","παρουσιασ","του","κυ","ημων","ιυ","χυ","και","ημων","επισυναγωγησ","επ","αυτον","|",,,,,,,,,,,,,
14,"2TH",2,1,"GA 01^","325-360","ερωτωμεν","δε","υμασ","αδελφοι","υπερ","τησ","παρουσιασ","του","κυ","ημων","ιυ","χυ","και","ημων","επισυναγωγησ","επ","αυτον","|",,,,,,,,,,,,,
14,"2TH",2,1,"GA 03","325-349","ερωτωμεν","δε","υμασ","αδελφοι","υπερ","τησ","παρουσιασ","του","κυ",,"ιυ","χυ","και","ημω","επισυναγωγησ","επ","αυτον","|",,,,,,,,,,,,,
14,"2TH",2,1,"GA 02","375-499","ερωτωμεν","δε","υμασ","αδελφοι","υπερ","τησ","παρουσιασ","του","κυ","ημων","ιυ","χυ","και","ημωσ","επισυναγωγησ","επ","αυτο","|",,,,,,,,,,,,,
14,"2TH",2,1,"WH",1885,"ερωτωμεν","δε","υμασ","αδελφοι","υπερ","τησ","παρουσιασ","του","κυριου","[ημων]","ιησου","χριστου","και","ημων","επισυναγωγησ","επ","αυτον","|",,,,,,,,,,,,,
14,"2TH",2,1,"ST",1550,"ερωτωμεν","δε","υμασ","αδελφοι","υπερ","τησ","παρουσιασ","του","κυριου","ημων","ιησου","χριστου","και","ημων","επισυναγωγησ","επ","αυτον","|",,,,,,,,,,,,,
14,"2TH",2,1,"Nestle",1904,"Ἐρωτῶμεν","δὲ","ὑμᾶς","ἀδελφοί","ὑπὲρ","τῆς","παρουσίας","τοῦ","Κυρίου","ἡμῶν","Ἰησοῦ","Χριστοῦ","καὶ","ἡμῶν","ἐπισυναγωγῆς","ἐπ’","αὐτόν","|",,,,,,,,,,,,,
14,"2TH",2,2,"GA 01","325-360","εισ","το","μη","ταχεωσ","σαλευθηναι","υμασ","απο","του","νοοσ","μηδε","θροεισθαι","μητε","δια","πνσ","μητε","δια","λογου","μητε","δι","επιστολησ","ωσ","δι","ημων","ωσ","οτι","ενεστηκεν","η","ημερα","του","κυ","|"
14,"2TH",2,2,"GA 03","325-349","εισ","το","μη","ταχεωσ","σαλευθηναι","υμασ","απο","του","νοοσ","μηδε","θροεισθε","μητε","δια","πνευματοσ","μητε","δια","λογου","μητε","δι","επιστολησ","ωσ","δι","ημων","ωσ","οτι","ενεστηκεν","η","ημερα","του","κυ","|"
14,"2TH",2,2,"GA 02","375-499","εισ","το","μη","ταχεωσ","σαλευθηναι","υμασ","απο","του","νοοσ","μηδε","θροεισθε","μητε","δια","πνσ","μητε","δια","λογου","μητε","δι","επιστολησ","ωσ","δι","ημων","ωσ","οτι","ενεστηκε","η","ημερα","του","κυ","|"
14,"2TH",2,2,"WH",1885,"εισ","το","μη","ταχεωσ","σαλευθηναι","υμασ","απο","του","νοοσ","μηδε","θροεισθαι","μητε","δια","πνευματοσ","μητε","δια","λογου","μητε","δι","επιστολησ","ωσ","δι","ημων","ωσ","οτι","ενεστηκεν","η","ημερα","του","κυριου","|"
14,"2TH",2,2,"ST",1550,"εισ","το","μη","ταχεωσ","σαλευθηναι","υμασ","απο","του","νοοσ","μητε","θροεισθαι","μητε","δια","πνευματοσ","μητε","δια","λογου","μητε","δι","επιστολησ","ωσ","δι","ημων","ωσ","οτι","ενεστηκεν","η","ημερα","του","χριστου","|"
14,"2TH",2,2,"Nestle",1904,"εἰς","τὸ","μὴ","ταχέως","σαλευθῆναι","ὑμᾶς","ἀπὸ","τοῦ","νοὸς","μηδὲ","θροεῖσθαι","μήτε","διὰ","πνεύματος","μήτε","διὰ","λόγου","μήτε","δι’","ἐπιστολῆς","ὡς","δι’","ἡμῶν","ὡς","ὅτι","ἐνέστηκεν","ἡ","ἡμέρα","τοῦ","Κυρίου","|"
14,"2TH",2,3,"GA 01","325-360","μη","τισ","υμασ","εξαπατηση","κατα","μηδενα","τροπον","οτι","εαν","μη","ελθη","η","αποστασια","πρωτο","και","αποκαλυφθη","ο","ανθρωποσ","τησ","ανομιασ","ο","υιοσ","τησ","απωλειασ","|",,,,,,
14,"2TH",2,3,"GA 03","325-349","μη","τισ","υμασ","εξαπατηση","κατα","μηδενα","τροπον","οτι","εαν","μη","ελθη","η","αποστασια","πρωτον","και","αποκαλυφθη","ο","ανθρωποσ","τησ","ανομιασ","ο","υιοσ","τησ","απωλειασ","|",,,,,,
14,"2TH",2,3,"GA 02","375-499","μη","τισ","υμασ","εξαπατηση","κατα","μηδενα","τροπον","οτι","εαν","μη","ελθη","η","αποστασια","πρωτον","και","αποκαλυφθη","ο","ανοσ","τησ","αμαρτιασ","ο","υιοσ","τησ","απωλειασ","|",,,,,,
14,"2TH",2,3,"WH",1885,"μη","τισ","υμασ","εξαπατηση","κατα","μηδενα","τροπον","οτι","εαν","μη","ελθη","η","αποστασια","πρωτον","και","αποκαλυφθη","ο","ανθρωποσ","τησ","ανομιασ","ο","υιοσ","τησ","απωλειασ","|",,,,,,
14,"2TH",2,3,"ST",1550,"μη","τισ","υμασ","εξαπατηση","κατα","μηδενα","τροπον","οτι","εαν","μη","ελθη","η","αποστασια","πρωτον","και","αποκαλυφθη","ο","ανθρωποσ","τησ","αμαρτιασ","ο","υιοσ","τησ","απωλειασ","|",,,,,,
14,"2TH",2,3,"Nestle",1904,"μή","τις","ὑμᾶς","ἐξαπατήσῃ","κατὰ","μηδένα","τρόπον·","ὅτι","ἐὰν","μὴ","ἔλθῃ","ἡ","ἀποστασία","πρῶτον","καὶ","ἀποκαλυφθῇ","ὁ","ἄνθρωπος","τῆς","ἀνομίας","ὁ","υἱὸς","τῆς","ἀπωλείας","|",,,,,,
14,"2TH",2,4,"GA 01","325-360","ο","αντικειμενοσ",,,"επι","πατα","λεγομενον","θν","η","σεβασμα","ωστε","αυτον","εισ","τον","ναον","του","θυ",,,"καθισαι","αποδικνυντα","εαυτον","οτι","εστιν","θσ","|",,,,,
14,"2TH",2,4,"GA 01^","325-360","ο","αντικειμενοσ","ϗ","υπεραμενοσ","επι","πατα","λεγομενον","θν","η","σεβασμα","ωστε","αυτον","εισ","τον","ναον","του","θυ",,,"καθισαι","αποδικνυντα","εαυτον","οτι","εστιν","θσ","|",,,,,
14,"2TH",2,4,"GA 01a","325-360","ο","αντικειμενοσ","ϗ","υπεραιρομενοσ","επι","πατα","λεγομενον","θν","η","σεβασμα","ωστε","αυτον","εισ","τον","ναον","του","θυ",,,"καθισαι","αποδικνυντα","εαυτον","οτι","εστιν","θσ","|",,,,,
14,"2TH",2,4,"GA 03","325-349","ο","αντικειμενοσ","και","υπερερομενοσ","επι","παντα","λεγομενον","θν","η","σεβασμα","ωστε","αυτον","εισ","το","ναον","του","θυ",,,"καθισαι","αποδεικνυντα","εαυτον","οτι","εστιν","θσ","|",,,,,
14,"2TH",2,4,"GA 02","375-499","ο","αντικειμενοσ","και","υπερερομενοσ","επι","παντα","λεγομενον","θν","η","σεβασμα","ωστε","αυτον","εισ","τον","ναον","του","θυ",,,"καθισαι","αποδιγνυοντα","εαυτον","οτι","εστιν","θσ","|",,,,,
14,"2TH",2,4,"WH",1885,"ο","αντικειμενοσ","και","υπεραιρομενοσ","επι","παντα","λεγομενον","θεον","η","σεβασμα","ωστε","αυτον","εισ","τον","ναον","του","θεου",,,"καθισαι","αποδεικνυντα","εαυτον","οτι","εστιν","θεοσ","|",,,,,
14,"2TH",2,4,"ST",1550,"ο","αντικειμενοσ","και","υπεραιρομενοσ","επι","παντα","λεγομενον","θεον","η","σεβασμα","ωστε","αυτον","εισ","τον","ναον","του","θεου","ωσ","θεον","καθισαι","αποδεικνυντα","εαυτον","οτι","εστι","θεοσ","|",,,,,
14,"2TH",2,4,"Nestle",1904,"ὁ","ἀντικείμενος","καὶ","ὑπεραιρόμενος","ἐπὶ","πάντα","λεγόμενον","Θεὸν","ἢ","σέβασμα","ὥστε","αὐτὸν","εἰς","τὸν","ναὸν","τοῦ","Θεοῦ",,,"καθίσαι","ἀποδεικνύντα","ἑαυτὸν","ὅτι","ἔστιν","Θεός","|",,,,,
14,"2TH",2,5,"GA 01","325-360","ου","μνημονευετε","οτι","ετι","ων","προσ","υμασ","ταυτα","ελεγον","υμιν","|",,,,,,,,,,,,,,,,,,,,
14,"2TH",2,5,"GA 03","325-349","ου","μνημονευετε","οτι","ετι","ων","προσ","υμασ","ταυτα","ελεγον","υμιν","|",,,,,,,,,,,,,,,,,,,,
14,"2TH",2,5,"GA 02","375-499","ου","μνημονευεται","οτι","ετι","ω","προσ","υμασ","ταυτα","ελεγον","υμι","|",,,,,,,,,,,,,,,,,,,,
14,"2TH",2,5,"WH",1885,"ου","μνημονευετε","οτι","ετι","ων","προσ","υμασ","ταυτα","ελεγον","υμιν","|",,,,,,,,,,,,,,,,,,,,
14,"2TH",2,5,"ST",1550,"ου","μνημονευετε","οτι","ετι","ων","προσ","υμασ","ταυτα","ελεγον","υμιν","|",,,,,,,,,,,,,,,,,,,,
14,"2TH",2,5,"Nestle",1904,"Οὐ","μνημονεύετε","ὅτι","ἔτι","ὢν","πρὸς","ὑμᾶς","ταῦτα","ἔλεγον","ὑμῖν","|",,,,,,,,,,,,,,,,,,,,
14,"2TH",2,6,"GA 01","325-360","και","νυν","το","κατεχο","οιδαται","εισ","το","αποκαλυφθηναι","αυτο","εν","τω","αυτου","καιρω","|",,,,,,,,,,,,,,,,,
14,"2TH",2,6,"GA 03","325-349","και","νυν","το","κατεχον","οιδατε","εισ","το","αποκαλυφθηναι","αυτον","εν","τω","εαυτου","καιρω","|",,,,,,,,,,,,,,,,,
14,"2TH",2,6,"GA 02","375-499","και","νυν","το","κατεχον","οιδατε","εισ","το","αποκαλυφθηναι","αυτο","εν","τω","αυτου","καιρω","|",,,,,,,,,,,,,,,,,
14,"2TH",2,6,"WH",1885,"και","νυν","το","κατεχον","οιδατε","εισ","το","αποκαλυφθηναι","αυτον","εν","τω","αυτου","καιρω","|",,,,,,,,,,,,,,,,,
14,"2TH",2,6,"ST",1550,"και","νυν","το","κατεχον","οιδατε","εισ","το","αποκαλυφθηναι","αυτον","εν","τω","εαυτου","καιρω","|",,,,,,,,,,,,,,,,,
14,"2TH",2,6,"Nestle",1904,"καὶ","νῦν","τὸ","κατέχον","οἴδατε","εἰς","τὸ","ἀποκαλυφθῆναι","αὐτὸν","ἐν","τῷ","αὐτοῦ","καιρῷ","|",,,,,,,,,,,,,,,,,
14,"2TH",2,7,"GA 01","325-360","το","γαρ","μυστηριον","ηδη","γαρ","ενεργειται","τησ","ανομιασ","μονον","ο","κατεχων","αρτι","εωσ","εκ","μεσου","γενηται","|",,,,,,,,,,,,,,
14,"2TH",2,7,"GA 03","325-349","το","γαρ","μυστηριον","ηδη",,"ενεργειται","τησ","ανομιασ","μονον","ο","κατεχων","αρτι","εωσ","εκ","μεσου","γενηται","|",,,,,,,,,,,,,,
14,"2TH",2,7,"GA 02","375-499","το","γαρ","μυστηριον","ηδη",,"ενεργειτε","τησ","ανομιασ","μονον","ο","κατεχων","αρτι","εωσ","εκ","μεσου","γενηται","|",,,,,,,,,,,,,,
14,"2TH",2,7,"WH",1885,"το","γαρ","μυστηριον","ηδη",,"ενεργειται","τησ","ανομιασ","μονον","ο","κατεχων","αρτι","εωσ","εκ","μεσου","γενηται","|",,,,,,,,,,,,,,
14,"2TH",2,7,"ST",1550,"το","γαρ","μυστηριον","ηδη",,"ενεργειται","τησ","ανομιασ","μονον","ο","κατεχων","αρτι","εωσ","εκ","μεσου","γενηται","|",,,,,,,,,,,,,,
14,"2TH",2,7,"Nestle",1904,"τὸ","γὰρ","μυστήριον","ἤδη",,"ἐνεργεῖται","τῆς","ἀνομίας·","μόνον","ὁ","κατέχων","ἄρτι","ἕως","ἐκ","μέσου","γένηται","|",,,,,,,,,,,,,,
14,"2TH",2,8,"GA 01","325-360","και","τοτε","αποκαλυφθησεται","ο","ανομοσ","ον","ο","κσ","ισ","αναλοι","τω","πνι","του","στοματοσ","αυτου","και","καταργησει","τη","επιφανεια","τησ","παρουσιασ","αυτου","|",,,,,,,,
14,"2TH",2,8,"GA 03","325-349","και","τοτε","αποκαλυφθησεται","ο","ανομοσ","ον","ο","κσ",,"ανελει","τω","πνευματι","του","στοματοσ","αυτου","και","καταργησει","τη","επιφανεια","τησ","παρουσιασ","αυτου","|",,,,,,,,
14,"2TH",2,8,"GA 02","375-499","και","τοτε","αποκαλυφθησεται","ο","ανομοσ","ον","ο","κσ","ισ","αναιλει","τω","πνι","του","στοματοσ","αυτου","και","καταργησει","τη","επιφανιω","τησ","παρουσιασ","αυτου","|",,,,,,,,
14,"2TH",2,8,"WH",1885,"και","τοτε","αποκαλυφθησεται","ο","ανομοσ","ον","ο","κυριοσ","[ιησουσ]","ανελει","τω","πνευματι","του","στοματοσ","αυτου","και","καταργησει","τη","επιφανεια","τησ","παρουσιασ","αυτου","|",,,,,,,,
14,"2TH",2,8,"ST",1550,"και","τοτε","αποκαλυφθησεται","ο","ανομοσ","ον","ο","κυριοσ",,"αναλωσει","τω","πνευματι","του","στοματοσ","αυτου","και","καταργησει","τη","επιφανεια","τησ","παρουσιασ","αυτου","|",,,,,,,,
14,"2TH",2,8,"Nestle",1904,"καὶ","τότε","ἀποκαλυφθήσεται","ὁ","ἄνομος","ὃν","ὁ","Κύριος","Ἰησοῦς","ἀνελεῖ","τῷ","πνεύματι","τοῦ","στόματος","αὐτοῦ","καὶ","καταργήσει","τῇ","ἐπιφανείᾳ","τῆς","παρουσίας","αὐτοῦ","|",,,,,,,,
14,"2TH",2,9,"GA P30","200-249",,,,,,,,,,,,,,"*","τερασιν","ψευδουσ","|",,,,,,,,,,,,,,
14,"2TH",2,9,"GA 01","325-360","ου","εστιν","η","παρουσια","κατ","ενεργιαν","του","σατανα","εν","παση","δυναμι","και","σημιοισ","και","τερασιν","ψευδουσ","|",,,,,,,,,,,,,,
14,"2TH",2,9,"GA 03","325-349","ου","εστιν","η","παρουσια","κατ","ενεργεια","του","σατανα","εν","παση","δυναμει","και","σημειοισ","και","τερασιν","ψευδουσ","|",,,,,,,,,,,,,,
14,"2TH",2,9,"GA 02","375-499","ου","εστι","η","παρουσια","κατ","ενεργειαν","του","σατανα","εν","παση","δυναμει","και","σημειοισ","και","τερασιν","ψευδουσ","|",,,,,,,,,,,,,,
14,"2TH",2,9,"WH",1885,"ου","εστιν","η","παρουσια","κατ","ενεργειαν","του","σατανα","εν","παση","δυναμει","και","σημειοισ","και","τερασιν","ψευδουσ","|",,,,,,,,,,,,,,
14,"2TH",2,9,"ST",1550,"ου","εστιν","η","παρουσια","κατ","ενεργειαν","του","σατανα","εν","παση","δυναμει","και","σημειοισ","και","τερασι","ψευδουσ","|",,,,,,,,,,,,,,
14,"2TH",2,9,"Nestle",1904,"οὗ","ἐστιν","ἡ","παρουσία","κατ’","ἐνέργειαν","τοῦ","Σατανᾶ","ἐν","πάσῃ","δυνάμει","καὶ","σημείοις","καὶ","τέρασιν","ψεύδους","|",,,,,,,,,,,,,,
14,"2TH",2,10,"GA P30","200-249","και","εν","παση","απατη",,"αδικιασ",,"τοισ","απολλυμενοισ","ανθ","ων","την","αγαπην",,"αληθειασ","ουκ","εδεξαντο","εισ","το","σωθηναι","αυτουσ","|",,,,,,,,,
14,"2TH",2,10,"GA 01","325-360","και","εν","παση","απατη",,"αδικιασ",,"τοισ","απολλυμενοισ","ανθ","ων","την","αγαπη","τησ","αληθειασ","ουκ","εδεξαντο","εισ","το","σωθηναι","αυτουσ","|",,,,,,,,,
14,"2TH",2,10,"GA 03","325-349","και","εν","παση","απατη",,"αδικιασ",,"τοισ","απολλυμενοισ","ανθ","ων","την","αγαπην","τησ","αληθειασ","ουκ","εδεξαντο","εισ","το","σωθηναι","αυτουσ","|",,,,,,,,,
14,"2TH",2,10,"GA 02","375-499","και","εν","παση","απατη",,"αδικιασ",,"τοισ","απολλυμενοισ","ανθ","ων","την","αγαπην","τησ","αληθειασ","ουκ","ε�������","���","��","��θηναι","αυτουσ","|",,,,,,,,,
14,"2TH",2,10,"GA 02^","375-499","και","εν","παση","απατη",,"αδικιασ",,"τοισ","απολλυμενοισ","ανθ","ων","την","αγαπην","τησ","αληθειασ","ουκ","εδεξαντο","εισ","το","σωθηναι","αυτουσ","|",,,,,,,,,
14,"2TH",2,10,"WH",1885,"και","εν","παση","απατη",,"αδικιασ",,"τοισ","απολλυμενοισ","ανθ","ων","την","αγαπην","τησ","αληθειασ","ουκ","εδεξαντο","εισ","το","σωθηναι","αυτουσ","|",,,,,,,,,
14,"2TH",2,10,"ST",1550,"και","εν","παση","απατη","τησ","αδικιασ","εν","τοισ","απολλυμενοισ","ανθ","ων","την","αγαπην","τησ","αληθειασ","ουκ","εδεξαντο","εισ","το","σωθηναι","αυτουσ","|",,,,,,,,,
14,"2TH",2,10,"Nestle",1904,"καὶ","ἐν","πάσῃ","ἀπάτῃ",,"ἀδικίας",,"τοῖς","ἀπολλυμένοις","ἀνθ’","ὧν","τὴν","ἀγάπην","τῆς","ἀληθείας","οὐκ","ἐδέξαντο","εἰς","τὸ","σωθῆναι","αὐτούς","|",,,,,,,,,
14,"2TH",2,11,"GA P30","200-249","και","δια","τουτο","πεμπει","αυτοισ","ο","θσ","ενεργειαν","πλανησ","εισ","*",,,,,"|",,,,,,,,,,,,,,,
14,"2TH",2,11,"GA 01","325-360","και","δια","τουτο","πεμπει","αυτοισ","ο","θσ","ενεργειαν","πλανησ","εισ","το","πιστευσαι","αυτουσ","τω","ψευδει","|",,,,,,,,,,,,,,,
14,"2TH",2,11,"GA 03","325-349","και","δια","τουτο","πεμπει","αυτοισ","ο","θσ","ενεργειαν","πλανησ","εισ","το","πιστευσαι","αυτουσ","τω","ψευδει","|",,,,,,,,,,,,,,,
14,"2TH",2,11,"GA 02","375-499","και","δια","τουτο","πεμπει","αυτοισ","ο","θσ","ενεργεια","πλανησ","εισ","το","πιστευσαι","αυτουσ","τω","ψευδει","|",,,,,,,,,,,,,,,
14,"2TH",2,11,"WH",1885,"και","δια","τουτο","πεμπει","αυτοισ","ο","θεοσ","ενεργειαν","πλανησ","εισ","το","πιστευσαι","αυτουσ","τω","ψευδει","|",,,,,,,,,,,,,,,
14,"2TH",2,11,"ST",1550,"και","δια","τουτο","πεμψει","αυτοισ","ο","θεοσ","ενεργειαν","πλανησ","εισ","το","πιστευσαι","αυτουσ","τω","ψευδει","|",,,,,,,,,,,,,,,
14,"2TH",2,11,"Nestle",1904,"καὶ","διὰ","τοῦτο","πέμπει","αὐτοῖς","ὁ","Θεὸς","ἐνέργειαν","πλάνης","εἰς","τὸ","πιστεῦσαι","αὐτοὺς","τῷ","ψεύδει","|",,,,,,,,,,,,,,,
14,"2TH",2,12,"GA 01","325-360","ινα","κριθωσιν","απαντεσ","οι","μη","πιστευσαντεσ","τη","αληθεια","αλλα","ευδοκησαντεσ",,"τη","αδικεια","|",,,,,,,,,,,,,,,,,
14,"2TH",2,12,"GA 03","325-349","ινα","κριθωσιν","παντεσ","οι","μη","πιστευσαντεσ","τη","αληθεια","αλλα","ευδοκησαντεσ",,"τη","αδικια","|",,,,,,,,,,,,,,,,,
14,"2TH",2,12,"GA 02","375-499","ινα","κριθωσιν","απατεσ","οι","μη","πιστευσαντεσ","τη","αληθεια","αλλ","ευδοκησαντεσ","εν","τη","αδικια","|",,,,,,,,,,,,,,,,,
14,"2TH",2,12,"WH",1885,"ινα","κριθωσιν","παντεσ","οι","μη","πιστευσαντεσ","τη","αληθεια","αλλα","ευδοκησαντεσ",,"τη","αδικια","|",,,,,,,,,,,,,,,,,
14,"2TH",2,12,"ST",1550,"ινα","κριθωσι","παντεσ","οι","μη","πιστευσαντεσ","τη","αληθεια","αλλ","ευδοκησαντεσ","εν","τη","αδικια","|",,,,,,,,,,,,,,,,,
14,"2TH",2,12,"Nestle",1904,"ἵνα","κριθῶσιν","πάντες","οἱ","μὴ","πιστεύσαντες","τῇ","ἀληθείᾳ","ἀλλὰ","εὐδοκήσαντες",,"τῇ","ἀδικίᾳ","|",,,,,,,,,,,,,,,,,
14,"2TH",2,13,"GA 01","325-360","ημεισ","δε","οφιλομε","ευχαριστιν","τω","θω","παντοτε","περι","υμων","αδελφοι","ηγαπημενοι","υπο","του","κυ","οτι","ειλατο","ημασ","ο","θσ","απ","αρχησ","εισ","σωτηριαν","εν","αγιασμω","πνσ","και","πιστι","αληθειασ","|",
14,"2TH",2,13,"GA 03","325-349","ημεισ","δε","οφειλομεν","ευχαριστειν","τω","θω","παντοτε","περι","υμων","αδελφοι","ηγαπημενοι","υπο",,"κυ","οτι","ειλατο","υμασ","ο","θσ","απαρχην",,"εισ","σωτηριαν","εν","αγιασμω","πνευματοσ","και","πιστει","αληθειασ","|",
14,"2TH",2,13,"GA 02","375-499","ημεισ","δε","οφιλομεν","ευχαριστειν","τω","θω","παντοτε","περι","υμων","αδελφοι","ηγαπημενοι","υπο","του","κυ","οτι","ειλατο","υμασ","ο","θσ","απαρχην",,"εισ","σωτηριαν","εν","αγιασμω","πνσ","και","πιστει","αληθειασ","|",
14,"2TH",2,13,"WH",1885,"ημεισ","δε","οφειλομεν","ευχαριστειν","τω","θεω","παντοτε","περι","υμων","αδελφοι","ηγαπημενοι","υπο",,"κυριου","οτι","ειλατο","υμασ","ο","θεοσ","απ","αρχησ","εισ","σωτηριαν","εν","αγιασμω","πνευματοσ","και","πιστει","αληθειασ","|",
14,"2TH",2,13,"ST",1550,"ημεισ","δε","οφειλομεν","ευχαριστειν","τω","θεω","παντοτε","περι","υμων","αδελφοι","ηγαπημενοι","υπο",,"κυριου","οτι","ειλετο","υμασ","ο","θεοσ","απ","αρχησ","εισ","σωτηριαν","εν","αγιασμω","πνευματοσ","και","πιστει","αληθειασ","|",
14,"2TH",2,13,"Nestle",1904,"Ἡμεῖς","δὲ","ὀφείλομεν","εὐχαριστεῖν","τῷ","Θεῷ","πάντοτε","περὶ","ὑμῶν","ἀδελφοὶ","ἠγαπημένοι","ὑπὸ",,"Κυρίου","ὅτι","εἵλατο","ὑμᾶς","ὁ","Θεὸς","ἀπ᾽","ἀρχῆς","εἰς","σωτηρίαν","ἐν","ἁγιασμῷ","Πνεύματος","καὶ","πίστει","ἀληθείας","|",
14,"2TH",2,14,"GA 01","325-360","εισ","ο","και","εκαλεσεν","υμασ","δια","του","ευαγγελιου","υμων","εισ","περιποιησιν","δοξησ","του","κυ","ημων","ιυ","χυ","|",,,,,,,,,,,,,
14,"2TH",2,14,"GA 01^","325-360","εισ","ο","και","εκαλεσεν","υμασ","δια","του","ευαγγελιου","ημων","εισ","περιποιησιν","δοξησ","του","κυ","ημων","ιυ","χυ","|",,,,,,,,,,,,,
14,"2TH",2,14,"GA 03","325-349","εισ","ο",,"εκαλεσεν","ημασ","δια","του","ευαγγελιου","ημων","εισ","περιποιησιν","δοξησ","του","κυ","ημων","ιυ","χυ","|",,,,,,,,,,,,,
14,"2TH",2,14,"GA 02","375-499","εισ","ο",,"εκαλεσεν","ημασ","δια","του","ευαγγελιου","ημων","εισ","περιποιησιν","δοξησ","του","κυ","ημων","ιυ","χυ","|",,,,,,,,,,,,,
14,"2TH",2,14,"WH",1885,"εισ","ο",,"εκαλεσεν","υμασ","δια","του","ευαγγελιου","ημων","εισ","περιποιησιν","δοξησ","του","κυριου","ημων","ιησου","χριστου","|",,,,,,,,,,,,,
14,"2TH",2,14,"ST",1550,"εισ","ο",,"εκαλεσεν","υμασ","δια","του","ευαγγελιου","ημων","εισ","περιποιησιν","δοξησ","του","κυριου","ημων","ιησου","χριστου","|",,,,,,,,,,,,,
14,"2TH",2,14,"Nestle",1904,"εἰς","ὃ","καὶ","ἐκάλεσεν","ὑμᾶς","διὰ","τοῦ","εὐαγγελίου","ἡμῶν","εἰς","περιποίησιν","δόξης","τοῦ","Κυρίου","ἡμῶν","Ἰησοῦ","Χριστοῦ","|",,,,,,,,,,,,,
14,"2TH",2,15,"GA 01","325-360","αρα","ουν","αδελφοι","στηκετε","και","κρατειτε","τασ","παραδοσεισ","ασ","εδιδαχθητε","ειτε","δια","λογου","ειτε","δι","επιστολησ","ημω","|",,,,,,,,,,,,,
14,"2TH",2,15,"GA 03","325-349","αρα","ουν","αδελφοι","στηκετε","και","κρατειτε","τασ","παραδοσεισ","ασ","εδιδαχθητε","ειτε","δια","λογου","ειτε","δι","επιστολησ","ημων","|",,,,,,,,,,,,,
14,"2TH",2,15,"GA 02","375-499","αρα","ουν","αδελφοι","στηκετε","και","κρατειτε","τασ","παραδοσεισ","ασ","εδιδαχθητε","ειτε","δια","λογου","ειτε","δι","επιστολησ","ημων","|",,,,,,,,,,,,,
14,"2TH",2,15,"WH",1885,"αρα","ουν","αδελφοι","στηκετε","και","κρατειτε","τασ","παραδοσεισ","ασ","εδιδαχθητε","ειτε","δια","λογου","ειτε","δι","επιστολησ","ημων","|",,,,,,,,,,,,,
14,"2TH",2,15,"ST",1550,"αρα","ουν","αδελφοι","στηκετε","και","κρατειτε","τασ","παραδοσεισ","ασ","εδιδαχθητε","ειτε","δια","λογου","ειτε","δι","επιστολησ","ημων","|",,,,,,,,,,,,,
14,"2TH",2,15,"Nestle",1904,"Ἄρα","οὖν","ἀδελφοί","στήκετε","καὶ","κρατεῖτε","τὰς","παραδόσεις","ἃς","ἐδιδάχθητε","εἴτε","διὰ","λόγου","εἴτε","δι’","ἐπιστολῆς","ἡμῶν","|",,,,,,,,,,,,,
14,"2TH",2,16,"GA 01","325-360","αυτοσ","δε","ο","κσ","ημω","ισ",,"χσ",,,"ο","θσ","ο","πατηρ","ημων",,,,"και","δουσ","παρακλησιν","αιωνιαν","και","ελπιδα","αγαθην","εν","χαριτι","|",,,
14,"2TH",2,16,"GA 01^","325-360","αυτοσ","δε","ο","κσ","ημω","ισ",,"χσ",,"ϗ","ο","θσ","ο","πατηρ","ημων","ο","αγαπησασ","ημασ","και","δουσ","παρακλησιν","αιωνιαν","και","ελπιδα","αγαθην","εν","χαριτι","|",,,
14,"2TH",2,16,"GA 03","325-349","αυτοσ","δε","ο","κσ","ημων",,,"χσ","ισ","και",,"θσ","ο","πατηρ","ημων","ο","αγαπησασ","ημασ","και","δουσ","παρακλησιν","αιωνιαν","και","ελπιδα","αγαθην","εν","χαριτι","|",,,
14,"2TH",2,16,"GA 02","375-499","αυτοσ","δε","ο","κσ","ημων","ισ","ο","χσ",,"και","ο","θσ","και","πηρ","ημων","ο","αγαπησασ","ημασ","και","δουσ","παρακλησιν","αιωνιαν","και","ελπιδα","αγαθην","εν","χαριτι","|",,,
14,"2TH",2,16,"WH",1885,"αυτοσ","δε","ο","κυριοσ","ημων","ιησουσ",,"χριστοσ",,"και","[ο]","θεοσ","ο","πατηρ","ημων","ο","αγαπησασ","ημασ","και","δουσ","παρακλησιν","αιωνιαν","και","ελπιδα","αγαθην","εν","χαριτι","|",,,
14,"2TH",2,16,"ST",1550,"αυτοσ","δε","ο","κυριοσ","ημων","ιησουσ",,"χριστοσ",,"και","ο","θεοσ","και","πατηρ","ημων","ο","αγαπησασ","ημασ","και","δουσ","παρακλησιν","αιωνιαν","και","ελπιδα","αγαθην","εν","χαριτι","|",,,
14,"2TH",2,16,"Nestle",1904,"Αὐτὸς","δὲ","ὁ","Κύριος","ἡμῶν","Ἰησοῦς",,"Χριστὸς",,"καὶ","ὁ","Θεὸς","ὁ","Πατὴρ","ἡμῶν","ὁ","ἀγαπήσας","ἡμᾶς","καὶ","δοὺς","παράκλησιν","αἰωνίαν","καὶ","ἐλπίδα","ἀγαθὴν","ἐν","χάριτι","|",,,
14,"2TH",2,17,"GA 01","325-360","παρακαλεσαι",,"τασ","καρδιασ","υμων","και","στηριξαι",,"εν","παντι",,,"εργω","και","λογω","αγαθω","|",,,,,,,,,,,,,,
14,"2TH",2,17,"GA 03","325-349","παρακαλεσαι","υμων","τασ","καρδιασ",,"και","στηριξαι",,"εν","παντι",,,"εργω","και","λογω","αγαθω","|",,,,,,,,,,,,,,
14,"2TH",2,17,"GA 02","375-499","παρακαλεσαι",,"τασ","καρδιασ","υμων","και","στηριξαι",,"εν","παντι",,,"εργω","και","λογω","αγαθω","|",,,,,,,,,,,,,,
14,"2TH",2,17,"WH",1885,"παρακαλεσαι","υμων","τασ","καρδιασ",,"και","στηριξαι",,"εν","παντι",,,"εργω","και","λογω","αγαθω","|",,,,,,,,,,,,,,
14,"2TH",2,17,"ST",1550,"παρακαλεσαι","υμων","τασ","καρδιασ",,"και","στηριξαι","υμασ","εν","παντι","λογω","και","εργω",,,"αγαθω","|",,,,,,,,,,,,,,
14,"2TH",2,17,"Nestle",1904,"παρακαλέσαι","ὑμῶν","τὰς","καρδίας",,"καὶ","στηρίξαι",,"ἐν","παντὶ",,,"ἔργῳ","καὶ","λόγῳ","ἀγαθῷ","|",,,,,,,,,,,,,,
14,"2TH",3,1,"GA 01","325-360","το","λοιπον","προσευχεσθαι","αδελφοι","περι","ημων","ινα","ο","λογοσ","του","κυ","τρεχη","και","δοξαζηται","καθωσ","και","προσ","υμασ","|",,,,,,,,,,,,
14,"2TH",3,1,"GA 03","325-349","το","λοιπον","προσευχεσθε","αδελφοι","περι","ημων","ινα","ο","λογοσ","του","κυ","τρεχη","και","δοξαζηται","καθωσ","και","προσ","υμασ","|",,,,,,,,,,,,
14,"2TH",3,1,"GA 02","375-499","το","λοιπον","προσευχεσθε","αδελφοι","περι","ημων","ινα","ο","λογοσ","του","κυ","τρεχη","και","δοξαζητε","καθωσ","και","προσ","υμασ","|",,,,,,,,,,,,
14,"2TH",3,1,"WH",1885,"το","λοιπον","προσευχεσθε","αδελφοι","περι","ημων","ινα","ο","λογοσ","του","κυριου","τρεχη","και","δοξαζηται","καθωσ","και","προσ","υμασ","|",,,,,,,,,,,,
14,"2TH",3,1,"ST",1550,"το","λοιπον","προσευχεσθε","αδελφοι","περι","ημων","ινα","ο","λογοσ","του","κυριου","τρεχη","και","δοξαζηται","καθωσ","και","προσ","υμασ","|",,,,,,,,,,,,
14,"2TH",3,1,"Nestle",1904,"Τὸ","λοιπὸν","προσεύχεσθε","ἀδελφοί","περὶ","ἡμῶν","ἵνα","ὁ","λόγος","τοῦ","Κυρίου","τρέχῃ","καὶ","δοξάζηται","καθὼς","καὶ","πρὸς","ὑμᾶς","|",,,,,,,,,,,,
14,"2TH",3,2,"GA 01","325-360","και","ινα","ρυσθωμε","απο","των","ατοπων","και","πονηρων","ανθρωπων","ου","γαρ","πατων","η","πιστισ","|",,,,,,,,,,,,,,,,
14,"2TH",3,2,"GA 03","325-349","και","ινα","ρυσθωμεν","απο","των","ατοπων","και","πονηρω","ανθρωπων","ου","γαρ","πατων","η","πιστισ","|",,,,,,,,,,,,,,,,
14,"2TH",3,2,"GA 02","375-499","και","ινα","ρυσθωμεν","απο","τω","ατοπων","και","πονηρων","ανων","ου","γαρ","παντων","η","πιστισ","|",,,,,,,,,,,,,,,,
14,"2TH",3,2,"WH",1885,"και","ινα","ρυσθωμεν","απο","των","ατοπων","και","πονηρων","ανθρωπων","ου","γαρ","παντων","η","πιστισ","|",,,,,,,,,,,,,,,,
14,"2TH",3,2,"ST",1550,"και","ινα","ρυσθωμεν","απο","των","ατοπων","και","πονηρων","ανθρωπων","ου","γαρ","παντων","η","πιστισ","|",,,,,,,,,,,,,,,,
14,"2TH",3,2,"Nestle",1904,"καὶ","ἵνα","ῥυσθῶμεν","ἀπὸ","τῶν","ἀτόπων","καὶ","πονηρῶν","ἀνθρώπων·","οὐ","γὰρ","πάντων","ἡ","πίστις","|",,,,,,,,,,,,,,,,
14,"2TH",3,3,"GA 01","325-360","πιστοσ","δε",,"ο","κσ","εστι","οσ",,"στηριξει","υμασ","και","φυλαξει","απο","του","πονηρου","|",,,,,,,,,,,,,,,
14,"2TH",3,3,"GA 03","325-349","πιστοσ","δε","εστιν","ο","κσ",,"οσ",,"στηρισει","υμασ","και","φυλαξει","απο","του","πονηρου","|",,,,,,,,,,,,,,,
14,"2TH",3,3,"GA 02","375-499","πιστοσ","δε","εστιν","ο","θσ",,"οσ","και","στηριξει","υμασ","και","φυλαξει","απο","του","πονηρου","|",,,,,,,,,,,,,,,
14,"2TH",3,3,"WH",1885,"πιστοσ","δε","εστιν","ο","κυριοσ",,"οσ",,"στηριξει","υμασ","και","φυλαξει","απο","του","πονηρου","|",,,,,,,,,,,,,,,
14,"2TH",3,3,"ST",1550,"πιστοσ","δε","εστι","ο","κυριοσ",,"οσ",,"στηριξει","υμασ","και","φυλαξει","απο","του","πονηρου","|",,,,,,,,,,,,,,,
14,"2TH",3,3,"Nestle",1904,"Πιστὸς","δέ","ἐστιν","ὁ","Κύριος",,"ὃς",,"στηρίξει","ὑμᾶς","καὶ","φυλάξει","ἀπὸ","τοῦ","πονηροῦ","|",,,,,,,,,,,,,,,
14,"2TH",3,4,"GA 01","325-360","πεποιθαμεν","δε","εν","κω","εφ","υμασ","οτι","α","παραγγελλομε",,,"ποιειτε","και","ποιησετε",,,"|",,,,,,,,,,,,,,
14,"2TH",3,4,"GA 03","325-349","πεποιθαμεν","δε","εν","κω","εφ","υμασ","οτι","α","παραγγελλομεν",,"και","εποιησατε","και","ποιειτε","και","ποιησετε","|",,,,,,,,,,,,,,
14,"2TH",3,4,"GA 02","375-499","πεποιθαμεν","δε","εν","κω","εφ","υμασ","οτι","α","παραγγελλομεν","υμι",,"ποιειτε","και","ποιησεται",,,"|",,,,,,,,,,,,,,
14,"2TH",3,4,"WH",1885,"πεποιθαμεν","δε","εν","κυριω","εφ","υμασ","οτι","α","παραγγελλομεν",,"[και]","ποιειτε","και","ποιησετε",,,"|",,,,,,,,,,,,,,
14,"2TH",3,4,"ST",1550,"πεποιθαμεν","δε","εν","κυριω","εφ","υμασ","οτι","α","παραγγελλομεν","υμιν","και","ποιειτε","και","ποιησετε",,,"|",,,,,,,,,,,,,,
14,"2TH",3,4,"Nestle",1904,"πεποίθαμεν","δὲ","ἐν","Κυρίῳ","ἐφ’","ὑμᾶς","ὅτι","ἃ","παραγγέλλομεν",,"καὶ","ποιεῖτε","καὶ","ποιήσετε","|",,,,,,,,,,,,,,,,
14,"2TH",3,5,"GA 01","325-360","ο","δε","κσ","κατευθυναι","υμων","τασ","καρδιασ","εισ","την","αγαπην","του","θυ","και","εισ","την","υπομονην","του","χυ","|",,,,,,,,,,,,
14,"2TH",3,5,"GA 03","325-349","ο","δε","κσ","κατευθυναι","υμων","τασ","καρδιασ","εισ","την","αγαπην","του","θυ","και","εισ","την","υπομονην","του","χυ","|",,,,,,,,,,,,
14,"2TH",3,5,"GA 02","375-499","ο","δε","κσ","κατευθυναι","υμων","τασ","καρδιασ","εισ","την","αγαπην","του","θυ","και","εισ","τη","υπομονην","του","χυ","|",,,,,,,,,,,,
14,"2TH",3,5,"WH",1885,"ο","δε","κυριοσ","κατευθυναι","υμων","τασ","καρδιασ","εισ","την","αγαπην","του","θεου","και","εισ","την","υπομονην","του","χριστου","|",,,,,,,,,,,,
14,"2TH",3,5,"ST",1550,"ο","δε","κυριοσ","κατευθυναι","υμων","τασ","καρδιασ","εισ","την","αγαπην","του","θεου","και","εισ",,"υπομονην","του","χριστου","|",,,,,,,,,,,,
14,"2TH",3,5,"Nestle",1904,"Ὁ","δὲ","Κύριος","κατευθύναι","ὑμῶν","τὰς","καρδίας","εἰς","τὴν","ἀγάπην","τοῦ","Θεοῦ","καὶ","εἰς","τὴν","ὑπομονὴν","τοῦ","Χριστοῦ","|",,,,,,,,,,,,
14,"2TH",3,6,"GA 01","325-360","παραγγελλομεν","δε","υμιν","αδελφοι","εν","ονοματι","του","κυ","ημων","ιυ","χυ","στελλεσθαι","υμασ","απο","παντοσ","αδελφου","ατακτωσ","περιπατουτοσ","και","μη","κατα","τη","παραδοσιν","ην","παρελαβοσαν","παρ","ημων","|",,,
14,"2TH",3,6,"GA 03","325-349","παραγγελλομεν","δε","υμιν","αδελφοι","εν","ονοματι","του","κυ",,"ιυ","χυ","στελλεσθαι","υμασ","απο","παντοσ","αδελφου","ατακτωσ","περιπατουντοσ","και","μη","κατα","την","παραδοσιν","ην","παρελαβετε","αφ","ημων","|",,,
14,"2TH",3,6,"GA 02","375-499","παραγγελλομεν","δε","υμιν","αδελφοι","εν","ονοματι","του","κυ","ημων","ιυ","χυ","στελλεσθαι","υμασ","απο","παντοσ","αδελφου","ατακτωσ","περιπατουντοσ","και","μη","κατα","την","παραδοσιν","ην","παρελαβοσαν","παρ","ημων","|",,,
14,"2TH",3,6,"WH",1885,"παραγγελλομεν","δε","υμιν","αδελφοι","εν","ονοματι","του","κυριου",,"ιησου","χριστου","στελλεσθαι","υμασ","απο","παντοσ","αδελφου","ατακτωσ","περιπατουντοσ","και","μη","κατα","την","παραδοσιν","ην","παρελαβετε","παρ","ημων","|",,,
14,"2TH",3,6,"ST",1550,"παραγγελλομεν","δε","υμιν","αδελφοι","εν","ονοματι","του","κυριου","ημων","ιησου","χριστου","στελλεσθαι","υμασ","απο","παντοσ","αδελφου","ατακτωσ","περιπατουντοσ","και","μη","κατα","την","παραδοσιν","ην","παρελαβε","παρ","ημων","|",,,
14,"2TH",3,6,"Nestle",1904,"Παραγγέλλομεν","δὲ","ὑμῖν","ἀδελφοί","ἐν","ὀνόματι","τοῦ","Κυρίου",,"Ἰησοῦ","Χριστοῦ","στέλλεσθαι","ὑμᾶς","ἀπὸ","παντὸς","ἀδελφοῦ","ἀτάκτως","περιπατοῦντος","καὶ","μὴ","κατὰ","τὴν","παράδοσιν","ἣν","παρελάβετε","παρ’","ἡμῶν","|",,,
14,"2TH",3,7,"GA 01","325-360","αυτοι","γαρ","οιδαται","πωσ","δει","μιμισθαι","ημασ","οτι","ουκ","ητακτησαμεν","εν","υμιν","|",,,,,,,,,,,,,,,,,,
14,"2TH",3,7,"GA 03","325-349","αυτοι","γαρ","οιδατε","πωσ","δει","μειμεισθαι","ημασ","οτι","ουκ","ητακτησαμεν","εν","υμιν","|",,,,,,,,,,,,,,,,,,
14,"2TH",3,7,"GA 02","375-499","αυτοι","γαρ","οιδατε","πωσ","δι","μιμεισθε","ημασ","οτι","ουκ","ητακτησαμεν","εν","υμιν","|",,,,,,,,,,,,,,,,,,
14,"2TH",3,7,"WH",1885,"αυτοι","γαρ","οιδατε","πωσ","δει","μιμεισθαι","ημασ","οτι","ουκ","ητακτησαμεν","εν","υμιν","|",,,,,,,,,,,,,,,,,,
14,"2TH",3,7,"ST",1550,"αυτοι","γαρ","οιδατε","πωσ","δει","μιμεισθαι","ημασ","οτι","ουκ","ητακτησαμεν","εν","υμιν","|",,,,,,,,,,,,,,,,,,
14,"2TH",3,7,"Nestle",1904,"αὐτοὶ","γὰρ","οἴδατε","πῶς","δεῖ","μιμεῖσθαι","ἡμᾶς","ὅτι","οὐκ","ἠτακτήσαμεν","ἐν","ὑμῖν","|",,,,,,,,,,,,,,,,,,
14,"2TH",3,8,"GA 01","325-360","ουδε","δωρεαν","αρτον","εφαγομεν","παρα","τινοσ","αλλα","εν","κοπω","και","μοχθω","νυκτοσ","και","ημερασ","εργαζομενοι","προσ","το","μη","επιβαρησαι","τινα","υμων","|",,,,,,,,,
14,"2TH",3,8,"GA 03","325-349","ουδε","δωρεαν","αρτον","εφαγομεν","παρα","τινοσ","αλλ","ε","κοπω","και","μοχθω","νυκτοσ","και","ημερασ","εργαζομενοι","προσ","το","μη","επιβαρησαι","τινα","υμω","|",,,,,,,,,
14,"2TH",3,8,"GA 02","375-499","ουδε","δωρεαν","αρτον","εφαγομεν","παρα","τινοσ","αλλ","εν","κοπω","και","μοχθω","νυκτα","και","ημεραν","εργαζομενοι","προσ","το","μη","επιβαρησαι","τινα","υμω","|",,,,,,,,,
14,"2TH",3,8,"WH",1885,"ουδε","δωρεαν","αρτον","εφαγομεν","παρα","τινοσ","αλλ","εν","κοπω","και","μοχθω","νυκτοσ","και","ημερασ","εργαζομενοι","προσ","το","μη","επιβαρησαι","τινα","υμων","|",,,,,,,,,
14,"2TH",3,8,"ST",1550,"ουδε","δωρεαν","αρτον","εφαγομεν","παρα","τινοσ","αλλ","εν","κοπω","και","μοχθω","νυκτα","και","ημεραν","εργαζομενοι","προσ","το","μη","επιβαρησαι","τινα","υμων","|",,,,,,,,,
14,"2TH",3,8,"Nestle",1904,"οὐδὲ","δωρεὰν","ἄρτον","ἐφάγομεν","παρά","τινος","ἀλλ’","ἐν","κόπῳ","καὶ","μόχθῳ","νυκτὸς","καὶ","ἡμέρας","ἐργαζόμενοι","πρὸς","τὸ","μὴ","ἐπιβαρῆσαί","τινα","ὑμῶν·","|",,,,,,,,,
14,"2TH",3,9,"GA 01","325-360","ουχ","οτι","ουκ","εχομεν","εξουσιαν","αλλ","ινα","εαυτουσ","τυπον","δωμε","υμιν","εισ","το","μιμισθαι","ημασ","|",,,,,,,,,,,,,,,
14,"2TH",3,9,"GA 03","325-349","ουχ","οτι","ουκ","εχομεν","εξουσιαν","αλλ","ινα","εαυτουσ","τυπον","δωμεν","υμιν","εισ","το","μειμεισθαι","ημασ","|",,,,,,,,,,,,,,,
14,"2TH",3,9,"GA 02","375-499","ουχ","οτι","ουκ","εχομεν","εξουσιαν","αλλ","ινα","εαυτουσ","τυπον","δωμεν","υμιν","εισ","το","μιμεισθε","ημασ","|",,,,,,,,,,,,,,,
14,"2TH",3,9,"WH",1885,"ουχ","οτι","ουκ","εχομεν","εξουσιαν","αλλ","ινα","εαυτουσ","τυπον","δωμεν","υμιν","εισ","το","μιμεισθαι","ημασ","|",,,,,,,,,,,,,,,
14,"2TH",3,9,"ST",1550,"ουχ","οτι","ουκ","εχομεν","εξουσιαν","αλλ","ινα","εαυτουσ","τυπον","δωμεν","υμιν","εισ","το","μιμεισθαι","ημασ","|",,,,,,,,,,,,,,,
14,"2TH",3,9,"Nestle",1904,"οὐχ","ὅτι","οὐκ","ἔχομεν","ἐξουσίαν","ἀλλ’","ἵνα","ἑαυτοὺς","τύπον","δῶμεν","ὑμῖν","εἰς","τὸ","μιμεῖσθαι","ἡμᾶς","|",,,,,,,,,,,,,,,
14,"2TH",3,10,"GA 01","325-360","και","γαρ","οτε","ημεν","προσ","υμασ",,"παρηγγελλομεν","υμιν","οτι","ει","τισ","ου","θελει","εργαζεσθε","μηδε","εσθιετω","|",,,,,,,,,,,,,
14,"2TH",3,10,"GA 03","325-349","και","γαρ","οτε","ημε","προσ","υμασ","τουτο","παρηγγελομεν","υμιν","οτι","ει","τισ","ου","θελει","εργαζεσθε","μηδε","εσθιετω","|",,,,,,,,,,,,,
14,"2TH",3,10,"GA 02","375-499","και","γαρ","οτε","ημεν","προσ","υμασ","τουτο","παρηγγελλομεν","υμιν","οτι","ει","τισ","ου","θελει","εργαζεσθαι","μηδε","εσθιετω","|",,,,,,,,,,,,,
14,"2TH",3,10,"WH",1885,"και","γαρ","οτε","ημεν","προσ","υμασ","τουτο","παρηγγελλομεν","υμιν","οτι","ει","τισ","ου","θελει","εργαζεσθαι","μηδε","εσθιετω","|",,,,,,,,,,,,,
14,"2TH",3,10,"ST",1550,"και","γαρ","οτε","ημεν","προσ","υμασ","τουτο","παρηγγελλομεν","υμιν","οτι","ει","τισ","ου","θελει","εργαζεσθαι","μηδε","εσθιετω","|",,,,,,,,,,,,,
14,"2TH",3,10,"Nestle",1904,"καὶ","γὰρ","ὅτε","ἦμεν","πρὸς","ὑμᾶς","τοῦτο","παρηγγέλλομεν","ὑμῖν","ὅτι","εἴ","τις","οὐ","θέλει","ἐργάζεσθαι","μηδὲ","ἐσθιέτω","|",,,,,,,,,,,,,
14,"2TH",3,11,"GA 01","325-360","ακουομεν","γαρ","τινασ","περιπατουντασ","εν","υμιν","ατακτωσ","μηδεν","εργαζομενουσ","αλλα","περιεργαζομενουσ","|",,,,,,,,,,,,,,,,,,,
14,"2TH",3,11,"GA 03","325-349","ακουομεν","γαρ","τινασ","περιπατουντασ","εν","υμιν","ατακτωσ","μηδεν","εργαζομενουσ","αλλα","περιεργαζομενουσ","|",,,,,,,,,,,,,,,,,,,
14,"2TH",3,11,"GA 02","375-499","ακουομεν","γαρ","τινασ","περιπατουτασ","εν","υμιν","ατακτωσ","μηδεν","εργαζομενουσ","αλλα","περιεργαζομενουσ","|",,,,,,,,,,,,,,,,,,,
14,"2TH",3,11,"WH",1885,"ακουομεν","γαρ","τινασ","περιπατουντασ","εν","υμιν","ατακτωσ","μηδεν","εργαζομενουσ","αλλα","περιεργαζομενουσ","|",,,,,,,,,,,,,,,,,,,
14,"2TH",3,11,"ST",1550,"ακουομεν","γαρ","τινασ","περιπατουντασ","εν","υμιν","ατακτωσ","μηδεν","εργαζομενουσ","αλλα","περιεργαζομενουσ","|",,,,,,,,,,,,,,,,,,,
14,"2TH",3,11,"Nestle",1904,"ἀκούομεν","γάρ","τινας","περιπατοῦντας","ἐν","ὑμῖν","ἀτάκτως","μηδὲν","ἐργαζομένους","ἀλλὰ","περιεργαζομένους·","|",,,,,,,,,,,,,,,,,,,
14,"2TH",3,12,"GA 01","325-360","τοισ","δε","τοιουτοισ","παραγγελλομεν","και","παρακαλουμε","εν",,"κω",,"ιυ","χω","ινα","μετα","ησυχιασ","εργαζομενοι","τον","εαυτων","αρτον","εσθιωσιν","|",,,,,,,,,,
14,"2TH",3,12,"GA 03","325-349","τοισ","δε","τοιουτοισ","παραγγελλομεν","και","παρακαλουμεν","εν",,"κω",,"ιυ","χω","ινα","μετα","ησυχιασ","εργαζομενοι","το","εαυτων","αρτον","εσθιωσιν","|",,,,,,,,,,
14,"2TH",3,12,"GA 02","375-499","τοισ","δε","τοιουτοισ","παραγγελλομεν","και","παρακαλουμεν","εν",,"κω",,"ιυ","χω","ινα","μετα","ησυχιασ","εργαζομενοι","τον","εαυτων","αρτον","εσθιωσιν","|",,,,,,,,,,
14,"2TH",3,12,"WH",1885,"τοισ","δε","τοιουτοισ","παραγγελλομεν","και","παρακαλουμεν","εν",,"κυριω",,"ιησου","χριστω","ινα","μετα","ησυχιασ","εργαζομενοι","τον","εαυτων","αρτον","εσθιωσιν","|",,,,,,,,,,
14,"2TH",3,12,"ST",1550,"τοισ","δε","τοιουτοισ","παραγγελλομεν","και","παρακαλουμεν","δια","του","κυριου","ημων","ιησου","χριστου","ινα","μετα","ησυχιασ","εργαζομενοι","τον","εαυτων","αρτον","εσθιωσιν","|",,,,,,,,,,
14,"2TH",3,12,"Nestle",1904,"τοῖς","δὲ","τοιούτοις","παραγγέλλομεν","καὶ","παρακαλοῦμεν","ἐν",,"Κυρίῳ",,"Ἰησοῦ","Χριστῷ","ἵνα","μετὰ","ἡσυχίας","ἐργαζόμενοι","τὸν","ἑαυτῶν","ἄρτον","ἐσθίωσιν","|",,,,,,,,,,
14,"2TH",3,13,"GA 01","325-360","υμεισ","δε","αδελφοι","μη","εγκακησητε","καλοποιουντεσ","|",,,,,,,,,,,,,,,,,,,,,,,,
14,"2TH",3,13,"GA 03","325-349","υμεισ","δε","αδελφοι","μη","ενκακησητε","καλοποιουντεσ","|",,,,,,,,,,,,,,,,,,,,,,,,
14,"2TH",3,13,"GA 02","375-499","υμεισ","δε","αδελφοι","μη","εγκακησητε","καλοποιουντεσ","|",,,,,,,,,,,,,,,,,,,,,,,,
14,"2TH",3,13,"WH",1885,"υμεισ","δε","αδελφοι","μη","ενκακησητε","καλοποιουντεσ","|",,,,,,,,,,,,,,,,,,,,,,,,
14,"2TH",3,13,"ST",1550,"υμεισ","δε","αδελφοι","μη","εκκακησητε","καλοποιουντεσ","|",,,,,,,,,,,,,,,,,,,,,,,,
14,"2TH",3,13,"Nestle",1904,"Ὑμεῖς","δέ","ἀδελφοί","μὴ","ἐγκακήσητε","καλοποιοῦντες","|",,,,,,,,,,,,,,,,,,,,,,,,
14,"2TH",3,14,"GA 01","325-360","ει","δε","τισ","ουχ","υπακουει","τω","λογω","ημω","δια","τησ","επιστολησ","τουτον","σημιουσθαι",,"μη","συναναμιγνυσθαι","αυτω","ινα","εντραπη","|",,,,,,,,,,,
14,"2TH",3,14,"GA 03","325-349","ει","δε","τισ","ουχ","υπακουει","τω","λογω","υμων","δια","τησ","επιστολησ","τουτον","σημιουσθε",,"μη","συναναμειγνυσθαι","αυτω","ινα","εντραπη","|",,,,,,,,,,,
14,"2TH",3,14,"GA 02","375-499","ει","δε","τισ","ουχ","υπακουει","τω","λογω","ημων","δια","τησ","επιστολησ","τουτον","σημειουσθε",,"μη","συναναμιγνυσθαι","αυτω","ινα","εντραπη","|",,,,,,,,,,,
14,"2TH",3,14,"WH",1885,"ει","δε","τισ","ουχ","υπακουει","τω","λογω","ημων","δια","τησ","επιστολησ","τουτον","σημειουσθε",,"μη","συναναμιγνυσθαι","αυτω","ινα","εντραπη","|",,,,,,,,,,,
14,"2TH",3,14,"ST",1550,"ει","δε","τισ","ουχ","υπακουει","τω","λογω","ημων","δια","τησ","επιστολησ","τουτον","σημειουσθε","και","μη","συναναμιγνυσθε","αυτω","ινα","εντραπη","|",,,,,,,,,,,
14,"2TH",3,14,"Nestle",1904,"εἰ","δέ","τις","οὐχ","ὑπακούει","τῷ","λόγῳ","ἡμῶν","διὰ","τῆς","ἐπιστολῆς","τοῦτον","σημειοῦσθε",,"μὴ","συναναμίγνυσθαι","αὐτῷ","ἵνα","ἐντραπῇ·","|",,,,,,,,,,,
14,"2TH",3,15,"GA 01","325-360","και","μη","ωσ","εχθρον","ηγεισθε","αλλα","νουθετιται","ωσ","αδελφον","|",,,,,,,,,,,,,,,,,,,,,
14,"2TH",3,15,"GA 03","325-349","και","μη","ωσ","εχθρον","ηγεισθε","αλλα","νουθετειτε","ωσ","αδελφον","|",,,,,,,,,,,,,,,,,,,,,
14,"2TH",3,15,"GA 02","375-499","και","μη","ωσ","εχθρον","ηγεισθε","αλλα","νουθετειτε","ωσ","αδελφο","|",,,,,,,,,,,,,,,,,,,,,
14,"2TH",3,15,"WH",1885,"και","μη","ωσ","εχθρον","ηγεισθε","αλλα","νουθετειτε","ωσ","αδελφον","|",,,,,,,,,,,,,,,,,,,,,
14,"2TH",3,15,"ST",1550,"και","μη","ωσ","εχθρον","ηγεισθε","αλλα","νουθετειτε","ωσ","αδελφον","|",,,,,,,,,,,,,,,,,,,,,
14,"2TH",3,15,"Nestle",1904,"καὶ","μὴ","ὡς","ἐχθρὸν","ἡγεῖσθε","ἀλλὰ","νουθετεῖτε","ὡς","ἀδελφόν","|",,,,,,,,,,,,,,,,,,,,,
14,"2TH",3,16,"GA 01","325-360","αυτοσ","δε","ο","κσ","τησ","ειρηνησ","δωη","υμιν","την","ειρηνη","δια","παντοσ","εν","πατι","τροπω","ο","κσ","μετα","παντων","υμων","|",,,,,,,,,,
14,"2TH",3,16,"GA 03","325-349","αυτοσ","δε","ο","κσ","τησ","ειρηνησ","δωη","υμιν","την","ειρηνην","δια","παντοσ","εν","παντι","τροπω","ο","κσ","μετα","πατων","υμων","|",,,,,,,,,,
14,"2TH",3,16,"GA 02","375-499","αυτοσ","δε","ο","κσ","τησ","ειρηνησ","δωη","υμιν",,"ειρηνην","δια","παντοσ","εν","παντι","τοπω","ο","κσ","μετα","πατων","υμων","|",,,,,,,,,,
14,"2TH",3,16,"GA 02^","375-499","αυτοσ","δε","ο","κσ","τησ","ειρηνησ","δωη","υμιν",,"ειρηνην","δια","παντοσ","εν","παντι","τροπω","ο","κσ","μετα","πατων","υμων","|",,,,,,,,,,
14,"2TH",3,16,"WH",1885,"αυτοσ","δε","ο","κυριοσ","τησ","ειρηνησ","δωη","υμιν","την","ειρηνην","δια","παντοσ","εν","παντι","τροπω","ο","κυριοσ","μετα","παντων","υμων","|",,,,,,,,,,
14,"2TH",3,16,"ST",1550,"αυτοσ","δε","ο","κυριοσ","τησ","ειρηνησ","δωη","υμιν","την","ειρηνην","δια","παντοσ","εν","παντι","τροπω","ο","κυριοσ","μετα","παντων","υμων","|",,,,,,,,,,
14,"2TH",3,16,"Nestle",1904,"Αὐτὸς","δὲ","ὁ","Κύριος","τῆς","εἰρήνης","δῴη","ὑμῖν","τὴν","εἰρήνην","διὰ","παντὸς","ἐν","παντὶ","τρόπῳ","ὁ","Κύριος","μετὰ","πάντων","ὑμῶν","|",,,,,,,,,,
14,"2TH",3,17,"GA 01","325-360","ο","ασπασμοσ","τη","εμη","χειρι","παυλου","ο","εστιν","σημιον","εν","παση","επιστολη","ουτωσ","γραφω","|",,,,,,,,,,,,,,,,
14,"2TH",3,17,"GA 03","325-349","ο","ασπασμοσ","τη","εμη","χειρι","παυλου","ο","εστιν","σημειον","εν","παση","επιστολη","ουτωσ","γραφω","|",,,,,,,,,,,,,,,,
14,"2TH",3,17,"GA 02","375-499","ο","ασπασμοσ","τη","εμη","χειρι","παυλου","ο","εστιν","σημειον","εν","παση","επιστολη","ουτωσ","γραφω","|",,,,,,,,,,,,,,,,
14,"2TH",3,17,"WH",1885,"ο","ασπασμοσ","τη","εμη","χειρι","παυλου","ο","εστιν","σημειον","εν","παση","επιστολη","ουτωσ","γραφω","|",,,,,,,,,,,,,,,,
14,"2TH",3,17,"ST",1550,"ο","ασπασμοσ","τη","εμη","χειρι","παυλου","ο","εστι","σημειον","εν","παση","επιστολη","ουτω","γραφω","|",,,,,,,,,,,,,,,,
14,"2TH",3,17,"Nestle",1904,"Ὁ","ἀσπασμὸς","τῇ","ἐμῇ","χειρὶ","Παύλου","ὅ","ἐστιν","σημεῖον","ἐν","πάσῃ","ἐπιστολῇ·","οὕτως","γράφω","|",,,,,,,,,,,,,,,,
14,"2TH",3,18,"GA 01","325-360","η","χαρισ","του","κυ","ημων","ιυ","χυ","μετα","παντων","υμων",,"|",,,,,,,,,,,,,,,,,,,
14,"2TH",3,18,"GA 03","325-349","η","χαρισ","του","κυ","ημων","ιυ","χυ","μετα","παντων","υμων",,"|",,,,,,,,,,,,,,,,,,,
14,"2TH",3,18,"GA 02","375-499","η","χαρισ","του","κυ","ημω","ιυ","χυ","μετα","παντων","υμων","αμη","|",,,,,,,,,,,,,,,,,,,
14,"2TH",3,18,"WH",1885,"η","χαρισ","του","κυριου","ημων","ιησου","χριστου","μετα","παντων","υμων",,"|",,,,,,,,,,,,,,,,,,,
14,"2TH",3,18,"ST",1550,"η","χαρισ","του","κυριου","ημων","ιησου","χριστου","μετα","παντων","υμων","αμην","|",,,,,,,,,,,,,,,,,,,
14,"2TH",3,18,"Nestle",1904,"ἡ","χάρις","τοῦ","Κυρίου","ἡμῶν","Ἰησοῦ","Χριστοῦ","μετὰ","πάντων","ὑμῶν","|",,,,,,,,,,,,,,,,,,,,
